{
  "project_info": {
    "project_number": "294446333410",
    "project_id": "foodu-812a8",
    "storage_bucket": "foodu-812a8.appspot.com"
  },
  "client": [
    {
      "client_info": {
        "mobilesdk_app_id": "1:294446333410:android:5ab750694959e4bcf10dbb",
        "android_client_info": {
          "package_name": "com.example.myrestaurant"
        }
      },
      "oauth_client": [
        {
          "client_id": "294446333410-kuqbjfjgu1fddcecgc8o45h5ausjgr1o.apps.googleusercontent.com",
          "client_type": 1,
          "android_info": {
            "package_name": "com.example.myrestaurant",
            "certificate_hash": "23c582b5d0da0887f754abe416526178a9b4c171"
          }
        },
        {
          "client_id": "294446333410-37akr7jtadmhbms6dlra9m5qpcfm2na0.apps.googleusercontent.com",
          "client_type": 3
        }
      ],
      "api_key": [
        {
          "current_key": "AIzaSyAEhYi2c4LeihfExfJhuGbCzGsfqdNyBjM"
        }
      ],
      "services": {
        "appinvite_service": {
          "other_platform_oauth_client": [
            {
              "client_id": "294446333410-37akr7jtadmhbms6dlra9m5qpcfm2na0.apps.googleusercontent.com",
              "client_type": 3
            }
          ]
        }
      }
    }
  ],
  "configuration_version": "1"
}